City_ID,City,Lat,Lng,Max Temp,Humidity,Cloudiness,Wind Speed,Country,Date
0,polyarnyy,69.1989,33.4478,6.26,81,100,6.65,RU,1696187966
1,pandan,14.0453,124.1694,27.29,87,100,4.25,PH,1696187410
2,qaqortoq,60.7167,-46.0333,3.05,82,100,2.14,GL,1696187410
3,blackmans bay,-43.0167,147.3167,6.4,90,14,2.69,AU,1696187410
4,constantia,44.1833,28.65,19.38,54,95,5.85,RO,1696187410
5,jamestown,42.097,-79.2353,25.01,61,20,4.63,US,1696187258
6,tarakan,3.3,117.6333,26.52,83,100,1.79,ID,1696187410
7,port-aux-francais,-49.35,70.2167,6.49,97,100,19.82,TF,1696187411
8,kourou,5.1552,-52.6478,32.03,65,100,6.1,GF,1696187411
9,edinburgh of the seven seas,-37.0676,-12.3116,9.81,61,100,11.43,SH,1696187411
10,tambopata,-12.7333,-69.1833,32.94,49,20,3.09,PE,1696187411
11,badger,64.8,-147.5333,5.55,68,100,3.09,US,1696187411
12,duong dong,10.2167,103.9667,26.0,100,40,5.14,VN,1696187411
13,cabo san lucas,22.8909,-109.9124,34.78,57,0,7.72,MX,1696187404
14,grytviken,-54.2811,-36.5092,4.9,80,7,4.79,GS,1696187411
15,ashland,40.8167,-82.2665,26.7,69,0,1.96,US,1696187412
16,christchurch,-43.5333,172.6333,16.11,59,12,5.66,NZ,1696187130
17,waitangi,-43.9535,-176.5597,12.68,90,17,2.24,NZ,1696187412
18,albany,42.6001,-73.9662,25.51,60,0,1.34,US,1696187193
19,sosnovo-ozerskoye,52.5249,111.5418,5.2,74,100,2.35,RU,1696187412
20,la passe,45.5549,-0.8967,26.13,54,11,2.3,FR,1696187412
21,san antonio de pale,-1.4014,5.6325,25.27,83,92,6.6,GQ,1696187412
22,zhangye,38.9342,100.4517,13.24,47,100,2.77,CN,1696187412
23,queenstown,-31.8976,26.8753,9.58,78,12,4.92,ZA,1696187412
24,bethel,41.3712,-73.414,26.05,61,0,3.09,US,1696187156
25,dombarovskiy,50.7587,59.5386,14.44,51,100,3.58,RU,1696187413
26,emerald,-23.5333,148.1667,14.08,83,0,3.09,AU,1696187413
27,sabang,5.8933,95.3214,27.84,78,11,7.27,ID,1696187413
28,selebi-phikwe,-21.979,27.8498,21.77,54,2,10.55,BW,1696187413
29,longyearbyen,78.2186,15.6401,-4.09,58,75,7.2,SJ,1696187413
30,bar,49.0772,27.6826,11.54,62,79,3.64,UA,1696187413
31,uturoa,-16.7333,-151.4333,26.01,78,66,8.41,PF,1696187413
32,solleftea,63.1667,17.2667,7.92,79,12,2.49,SE,1696187413
33,ushuaia,-54.8,-68.3,4.15,62,87,4.34,AR,1696187414
34,fort bragg,35.139,-79.006,27.17,57,40,4.12,US,1696187186
35,wailua homesteads,22.0669,-159.378,27.24,77,40,5.66,US,1696187414
36,mejit,10.2753,170.8646,27.82,79,100,5.99,MH,1696187414
37,acara,-1.9608,-48.1967,36.97,31,96,1.54,BR,1696187414
38,iqaluit,63.7506,-68.5145,4.83,75,96,1.79,CA,1696187414
39,kenora,49.8167,-94.4337,17.54,100,100,2.57,CA,1696187209
40,tura,25.5198,90.2201,23.51,97,100,2.01,IN,1696187414
41,bilibino,68.0546,166.4372,-4.47,89,100,0.14,RU,1696187414
42,krasnovishersk,60.4078,57.082,11.41,76,100,4.75,RU,1696187415
43,orange walk,17.8333,-88.8333,34.41,48,98,2.0,BZ,1696187119
44,island harbour,50.724,-1.2758,18.97,91,99,0.89,GB,1696187415
45,prado,-17.3411,-39.2208,24.44,69,9,5.12,BR,1696187850
46,port elizabeth,-33.918,25.5701,15.17,73,0,2.24,ZA,1696187415
47,hawaiian paradise park,19.5933,-154.9731,27.16,87,75,2.57,US,1696187415
48,holualoa,19.6228,-155.9522,28.26,70,20,3.09,US,1696187415
49,dalgopol,43.05,27.35,22.21,45,81,1.31,BG,1696187415
50,puerto deseado,-47.7503,-65.8938,11.24,49,100,2.95,AR,1696187415
51,mizdah,31.4451,12.9801,23.51,47,0,6.28,LY,1696187415
52,pucon,-39.2822,-71.9543,16.33,59,100,1.81,CL,1696187416
53,west island,-12.1568,96.8225,24.99,78,75,7.72,CC,1696187416
54,bredasdorp,-34.5322,20.0403,12.0,81,0,4.13,ZA,1696187416
55,avarua,-21.2078,-159.775,25.03,94,75,2.06,CK,1696187416
56,boa vista,2.8197,-60.6733,36.99,30,40,2.57,BR,1696187973
57,bealanana,-14.55,48.7333,16.69,94,32,0.56,MG,1696187240
58,georgetown,5.4112,100.3354,27.96,83,20,0.0,MY,1696187230
59,nemuro,43.3236,145.575,15.07,82,99,3.07,JP,1696187416
60,yellowknife,62.456,-114.3525,8.56,90,75,5.66,CA,1696187416
61,dudinka,69.4058,86.1778,-14.07,100,84,1.79,RU,1696187417
62,brokopondo,4.75,-55.1667,34.59,37,100,1.65,SR,1696187974
63,youssoufia,32.2463,-8.5294,28.89,25,100,4.94,MA,1696187417
64,haiku-pauwela,20.9219,-156.3051,28.01,65,20,8.23,US,1696187417
65,kamphaeng phet,16.25,99.5,23.57,93,100,0.48,TH,1696187417
66,pyhajarvi,67.0701,27.2176,4.66,91,97,1.81,FI,1696187417
67,puerto natales,-51.7236,-72.4875,2.25,87,100,9.26,CL,1696187417
68,capao da canoa,-29.7456,-50.0097,16.33,60,5,5.87,BR,1696187417
69,ilulissat,69.2167,-51.1,0.01,59,20,1.54,GL,1696187417
70,sinabang,2.4803,96.3801,26.04,87,100,4.48,ID,1696187418
71,lata,40.1629,-8.3327,21.22,59,50,1.57,PT,1696187418
72,invercargill,-46.4,168.35,13.34,80,20,4.92,NZ,1696187418
73,olonkinbyen,70.9221,-8.7187,-0.38,88,100,5.0,SJ,1696187418
74,xinzhi,36.4989,111.7047,15.8,57,100,1.36,CN,1696187418
75,woolgoolga,-30.1106,153.2007,20.58,66,12,3.79,AU,1696187975
76,mar del plata,-38.0023,-57.5575,13.07,80,5,0.89,AR,1696187342
77,port-vila,-17.7338,168.3219,20.78,78,40,2.57,VU,1696187716
78,tiksi,71.6872,128.8694,-8.29,91,60,2.48,RU,1696187418
79,yemva,62.59,50.8594,12.25,86,100,4.47,RU,1696187419
80,borogontsy,62.6683,131.1683,3.49,85,100,1.79,RU,1696187419
81,jayapura,-2.5333,140.7,23.66,92,81,1.48,ID,1696187975
82,isafjordur,66.0755,-23.124,6.41,93,100,7.64,IS,1696187419
83,ciudad lazaro cardenas,17.9583,-102.2,31.51,68,5,3.72,MX,1696187263
84,atafu village,-8.5421,-172.5159,28.14,71,17,0.77,TK,1696187419
85,udachny,66.4167,112.4,-1.97,92,100,7.49,RU,1696187419
86,richards bay,-28.783,32.0377,18.06,63,92,3.94,ZA,1696187419
87,hithadhoo,-0.6,73.0833,27.86,73,46,6.0,MV,1696187419
88,bouna,9.2667,-3.0,25.08,87,9,2.13,CI,1696187419
89,la'ie,21.6477,-157.9253,28.98,75,5,4.02,US,1696187420
90,margaret river,-33.95,115.0667,11.07,69,100,11.4,AU,1696187420
91,anadyr,64.75,177.4833,-3.72,93,0,1.0,RU,1696187420
92,kodiak,57.79,-152.4072,8.73,93,100,7.2,US,1696187420
93,happy valley-goose bay,53.3168,-60.3315,11.74,49,79,6.52,CA,1696187420
94,port mathurin,-19.6833,63.4167,23.24,75,1,8.42,MU,1696187420
95,kapa'a,22.0752,-159.319,27.99,77,40,5.66,US,1696187420
96,prozor,43.8222,17.6092,10.76,74,1,1.86,BA,1696187420
97,ribeira grande,38.5167,-28.7,22.22,60,40,2.68,PT,1696187421
98,tolanaro,-25.0319,46.9987,22.02,87,6,3.37,MG,1696187421
99,sarmiento,-45.5882,-69.07,15.34,28,100,7.74,AR,1696187421
100,lichuan,30.3,108.85,15.42,99,100,1.83,CN,1696187421
101,flying fish cove,-10.4217,105.6791,23.82,88,75,5.14,CX,1696187421
102,al mutayrifi,25.4788,49.5576,28.19,24,0,1.04,SA,1696187421
103,saipan,15.1355,145.701,27.39,94,20,2.06,MP,1696187400
104,corner brook,48.9667,-57.9484,19.09,62,11,4.82,CA,1696187169
105,puerto ayora,-0.7393,-90.3518,30.98,87,97,2.68,EC,1696187421
106,tataouine,32.9297,10.4518,21.51,69,0,4.07,TN,1696187422
107,katabu,-4.9333,122.5167,22.64,97,6,1.42,ID,1696187422
108,whitehorse,60.7161,-135.0538,5.05,93,100,9.39,CA,1696187422
109,gadzhiyevo,69.2551,33.3362,6.08,80,98,7.72,RU,1696187422
110,sitangkai,4.6628,119.3928,28.86,77,100,7.76,PH,1696187422
111,vernon,50.2581,-119.2691,13.12,49,13,0.82,CA,1696187397
112,konsoy,40.4915,69.7025,14.98,31,49,1.77,TJ,1696187422
113,mogadishu,2.0371,45.3438,25.71,85,0,6.63,SO,1696187422
114,vulcan,45.3833,23.2667,12.37,79,90,2.62,RO,1696187422
115,benjamin constant,-4.3831,-70.0311,34.07,66,40,2.57,BR,1696187422
116,guerrero negro,27.9769,-114.0611,23.61,55,1,6.05,MX,1696187291
117,vorgashor,67.5833,63.95,8.35,98,100,6.44,RU,1696187423
118,talnakh,69.4865,88.3972,-12.58,92,21,2.53,RU,1696187423
119,mildura,-34.2,142.15,12.26,60,68,4.95,AU,1696187423
120,adamstown,-25.066,-130.1015,20.62,83,14,11.24,PN,1696187423
121,namibe,-15.1961,12.1522,18.93,82,0,1.1,AO,1696187423
122,watari,38.035,140.8511,19.32,76,0,2.76,JP,1696187423
123,stanley,54.868,-1.6985,14.33,88,40,1.03,GB,1696187423
124,ketchikan,55.3422,-131.6461,9.99,100,100,6.17,US,1696187423
125,adrar,20.5022,-10.0711,33.55,13,12,4.15,MR,1696187424
126,kone,-21.0595,164.8658,17.87,83,10,2.63,NC,1696187424
127,papatowai,-46.5619,169.4708,13.15,71,71,6.3,NZ,1696187424
128,aginskoye,51.1,114.53,6.93,59,66,1.37,RU,1696187424
129,villa madero,19.4,-101.2667,23.15,54,48,1.83,MX,1696187424
130,chibougamau,49.9168,-74.3659,18.96,43,7,2.81,CA,1696187245
131,de aar,-30.6497,24.0123,15.21,26,0,6.35,ZA,1696187424
132,daru,-9.0763,143.2092,24.86,89,100,6.55,PG,1696187424
133,betio village,1.358,172.9211,27.02,73,19,2.81,KI,1696187425
134,cloquet,46.7216,-92.4594,24.1,84,0,3.09,US,1696187425
135,hermanus,-34.4187,19.2345,12.91,79,0,4.64,ZA,1696187425
136,bandarbeyla,9.4942,50.8122,26.09,86,43,5.33,SO,1696187425
137,thompson,55.7435,-97.8558,4.45,87,100,2.0,CA,1696187425
138,port douglas,-16.4833,145.4667,22.61,78,57,4.12,AU,1696187425
139,estacion coahuila,32.1939,-115.0017,27.7,28,1,2.49,MX,1696187425
140,mamanguape,-6.8386,-35.1261,28.18,55,13,5.41,BR,1696187311
141,san andres,12.5847,-81.7006,31.01,74,20,2.06,CO,1696187204
142,tucuma,-0.1833,-50.05,32.44,57,100,6.53,BR,1696187426
143,nova sintra,14.8667,-24.7167,23.82,79,28,6.84,CV,1696187426
144,al lagowa,11.4,29.1333,28.45,54,76,2.55,SD,1696187426
145,berezovo,63.9381,65.0419,9.98,90,93,4.92,RU,1696187426
146,jian'ou,27.0469,118.3253,23.37,96,100,0.88,CN,1696187427
147,russkaya polyana,49.417,31.9201,13.72,64,100,3.35,UA,1696187427
148,qa'en,33.7265,59.1844,15.94,21,4,1.66,IR,1696187427
149,mollendo,-17.0231,-72.0147,19.8,76,46,3.62,PE,1696187427
150,port arthur,38.8,121.2667,13.12,57,11,4.02,CN,1696187427
151,susuman,62.7833,148.1667,-2.79,92,15,1.34,RU,1696187427
152,port alfred,-33.5906,26.891,13.99,80,49,6.39,ZA,1696187428
153,fuglafjordur,62.244,-6.814,11.26,87,41,8.73,FO,1696187428
154,krasnoshchekovo,51.6708,82.7289,5.38,93,0,2.0,RU,1696187428
155,klyuchi,52.2667,79.1667,6.56,87,0,2.11,RU,1696187428
156,gering,41.8258,-103.6605,30.37,31,0,9.26,US,1696187428
157,general mosconi,-23.1851,-62.303,33.45,20,49,3.73,AR,1696187428
158,bikenibeu village,1.3673,173.1241,26.98,94,20,0.0,KI,1696187429
159,st. john's,47.5649,-52.7093,19.04,62,11,2.68,CA,1696187429
160,guider,9.9342,13.9486,29.0,62,100,0.52,CM,1696187429
161,labrador city,52.9463,-66.9114,11.61,51,69,6.12,CA,1696187429
162,ulsteinvik,62.3432,5.8487,13.75,84,100,3.13,NO,1696187985
163,suva,-18.1416,178.4415,22.71,60,40,3.09,FJ,1696187985
164,lebu,-37.6167,-73.65,12.64,67,100,4.22,CL,1696187190
165,novodvinsk,64.4165,40.8122,9.32,95,100,1.51,RU,1696187429
166,port moresby,-9.4431,147.1797,23.99,92,100,3.35,PG,1696187430
167,marka,1.7159,44.7717,25.41,85,0,6.34,SO,1696187985
168,prince rupert,54.3161,-130.3201,9.05,100,100,3.09,CA,1696187427
169,vadso,70.0744,29.7487,6.49,81,75,2.57,NO,1696187430
170,college,64.8569,-147.8028,5.6,71,75,3.09,US,1696187311
171,kiruna,67.8557,20.2251,1.51,93,40,2.57,SE,1696187430
172,alice springs,-23.7,133.8833,28.75,18,58,3.6,AU,1696187412
173,awjilah,29.1081,21.2869,25.26,43,18,4.61,LY,1696187430
174,akureyri,65.6835,-18.0878,7.96,71,75,3.6,IS,1696187431
175,ilhabela,-23.7781,-45.3581,21.74,95,100,3.33,BR,1696187247
176,karratha,-20.7377,116.8463,24.23,35,0,6.4,AU,1696187431
177,jalai nur,49.45,117.7,7.74,57,7,1.77,CN,1696187431
178,khor,47.8861,134.9464,7.89,91,100,1.94,RU,1696187431
179,vila franca do campo,37.7167,-25.4333,21.23,99,64,3.76,PT,1696187431
180,tobruk,32.0836,23.9764,23.9,65,0,5.69,LY,1696187431
181,mount gambier,-37.8333,140.7667,4.2,93,0,2.24,AU,1696187432
182,burang,30.25,81.1667,4.98,84,35,1.85,CN,1696187432
183,ipojuca,-8.3989,-35.0639,27.95,64,4,4.09,BR,1696187432
184,zhosaly,45.4878,64.0781,16.31,40,9,4.25,KZ,1696187987
185,coahuayana de hidalgo,18.7,-103.6583,32.9,65,58,2.83,MX,1696187987
186,nampula,-15.1165,39.2666,23.61,58,3,3.22,MZ,1696187987
187,hamilton,39.1834,-84.5333,29.49,53,0,3.6,US,1696187180
188,luoyang,34.6836,112.4536,14.87,82,100,1.61,CN,1696187432
189,northam,51.0333,-4.2167,16.88,98,100,2.19,GB,1696187432
190,remire-montjoly,4.9167,-52.2667,32.02,66,20,5.14,GF,1696187433
191,nyala,12.05,24.8833,29.38,46,56,2.52,SD,1696187433
192,manokwari,-0.8667,134.0833,26.21,80,100,1.44,ID,1696187433
193,morondava,-20.2833,44.2833,26.0,78,30,6.97,MG,1696187240
194,tianshui,34.5439,105.6897,12.25,86,100,1.23,CN,1696187433
195,utrik,11.2278,169.8474,27.79,77,100,5.09,MH,1696187433
196,fort mcmurray,56.7268,-111.381,12.32,42,99,3.42,CA,1696187431
197,mata-utu,-13.2816,-176.1745,27.04,78,66,11.16,WF,1696187988
198,mogocha,53.7333,119.7667,2.64,80,10,0.45,RU,1696187434
199,krasnaya gora,52.9995,31.6023,11.18,77,100,2.8,RU,1696187434
200,mumford,5.2618,-0.759,25.46,88,11,4.42,GH,1696187434
201,tlacotepec,20.0667,-97.8667,25.65,57,11,3.68,MX,1696187434
202,karelichy,53.5653,26.1378,11.9,75,64,3.47,BY,1696187434
203,sarny,51.338,26.6019,15.2,52,100,2.58,UA,1696187434
204,kwaksan,39.6875,125.0828,13.43,57,0,2.14,KP,1696187434
205,tual,-5.6667,132.75,26.21,87,94,4.13,ID,1696187434
206,kapuskasing,49.4169,-82.4331,21.99,46,96,2.35,CA,1696187287
207,kainantu,-6.2887,145.8655,15.72,98,90,0.5,PG,1696187435
208,afaahiti,-17.75,-149.2833,25.93,86,41,8.55,PF,1696187435
209,faya-largeau,17.9257,19.1043,36.82,16,98,8.18,TD,1696187989
210,bol,13.4586,14.7147,29.21,60,100,5.65,TD,1696187435
211,sandnessjoen,66.0217,12.6316,7.06,93,40,3.6,NO,1696187435
212,kingston,17.997,-76.7936,33.47,71,23,1.79,JM,1696187435
213,gidole,5.65,37.3667,14.58,89,100,0.74,ET,1696187435
214,saint-pourcain-sur-sioule,46.3093,3.2879,17.75,62,48,1.42,FR,1696187435
215,sawai madhopur,25.9833,76.3667,25.46,43,42,1.06,IN,1696187436
216,arno,60.1167,18.6333,13.77,81,11,0.53,SE,1696187436
217,aasiaat,68.7098,-52.8699,-3.39,74,1,4.61,GL,1696187436
218,quellon,-43.1167,-73.6167,8.14,76,99,2.16,CL,1696187436
219,topolobampo,25.6,-109.05,33.95,49,40,2.57,MX,1696187436
220,serov,59.6033,60.5787,10.34,75,100,4.11,RU,1696187436
221,lamesa,32.7376,-101.951,26.96,38,10,8.71,US,1696187436
222,adjumani,3.3779,31.7909,20.15,93,100,0.69,UG,1696187437
223,palikir - national government center,6.9248,158.1611,22.41,100,40,0.0,FM,1696187437
224,saint-francois,46.4154,3.9054,18.69,72,0,2.57,FR,1696187437
225,odesskoye,54.2111,72.9651,7.83,74,0,1.85,RU,1696187437
226,soio,-6.1349,12.3689,24.39,83,54,4.61,AO,1696187437
227,coyhaique,-45.5752,-72.0662,11.34,46,40,3.09,CL,1696187437
228,taro,-8.3862,115.28,21.03,90,65,0.84,ID,1696187991
229,huarmey,-10.0681,-78.1522,22.31,74,67,5.59,PE,1696187991
230,coronel oviedo,-25.4167,-56.45,30.53,30,1,2.52,PY,1696187437
231,bandar-e lengeh,26.5579,54.8807,30.73,62,0,3.99,IR,1696187240
232,castlegar,49.2998,-117.6689,18.32,44,50,1.38,CA,1696187438
233,linxia chengguanzhen,35.6003,103.2064,14.19,78,100,2.14,CN,1696187438
234,alaghsas,17.0187,8.0168,31.36,37,0,10.49,NE,1696187438
235,bardai,11.65,7.2333,22.73,88,98,4.03,NG,1696187438
236,nikolayevsk-on-amure,53.1406,140.73,9.83,98,100,2.95,RU,1696187438
237,mytilene,39.11,26.5547,22.9,53,20,2.06,GR,1696187438
238,bafra,41.5678,35.9069,21.51,88,100,4.14,TR,1696187438
239,broome,42.2506,-75.833,26.21,64,0,6.17,US,1696187439
240,nadvirna,48.6348,24.5694,10.67,73,93,1.98,UA,1696187439
241,geraldton,-28.7667,114.6,18.23,77,100,6.69,AU,1696187439
242,touros,-5.1989,-35.4608,27.46,59,15,7.09,BR,1696187439
243,citluk,43.2286,17.7008,19.87,32,0,2.06,BA,1696187439
244,mulchen,-37.7167,-72.2333,12.92,50,100,1.78,CL,1696187439
245,hengyang,26.8881,112.615,22.93,85,80,2.63,CN,1696187439
246,freetown,8.484,-13.2299,26.96,83,100,2.08,SL,1696187439
247,arraial do cabo,-22.9661,-42.0278,21.92,88,75,3.09,BR,1696187440
248,asaita,11.5636,41.4394,35.45,26,1,4.41,ET,1696187440
249,sorong,-0.8833,131.25,25.93,85,100,1.67,ID,1696187993
250,corbelia,-24.7989,-53.3067,27.19,45,82,2.52,BR,1696187440
251,alamar,23.1583,-82.2769,28.13,72,48,5.44,CU,1696187440
252,alesund,62.4723,6.1549,13.75,87,75,5.14,NO,1696187440
253,walvis bay,-22.9575,14.5053,11.72,81,3,3.86,NA,1696187440
254,vila do maio,15.1333,-23.2167,28.44,79,94,5.61,CV,1696187440
255,codrington,-38.2667,141.9667,4.79,92,1,3.69,AU,1696187441
256,uricani,45.3373,23.1524,12.81,79,92,2.84,RO,1696187441
257,callao,-12.0667,-77.15,22.16,64,0,5.66,PE,1696187441
258,pacocha,-17.5833,-71.3333,20.34,71,11,3.39,PE,1696187441
259,cassilandia,-19.1133,-51.7342,32.35,45,65,1.84,BR,1696187441
260,colonia,50.9333,6.95,20.46,73,0,3.09,DE,1696187409
261,sur,22.5667,59.5289,30.23,52,0,3.49,OM,1696187441
262,laojunmiao,39.8333,97.7333,9.53,32,3,0.73,CN,1696187441
263,iskateley,67.6803,53.1512,10.57,96,100,3.58,RU,1696187441
264,brookings,44.3114,-96.7984,33.54,46,0,6.17,US,1696187336
265,petropavlovsk-kamchatsky,53.0452,158.6483,3.33,100,100,2.0,RU,1696187442
266,san juan de miraflores,-12.1629,-76.9635,21.29,75,54,4.09,PE,1696187442
267,okha,53.5739,142.9478,8.92,97,100,5.02,RU,1696187442
268,magadan,59.5667,150.8,2.68,85,99,0.89,RU,1696187995
269,mana,5.6592,-53.7767,30.7,66,88,6.42,GF,1696187442
270,velizh,55.6056,31.1967,10.09,88,70,2.59,RU,1696187442
271,al jaradiyah,16.5795,42.9124,32.72,57,0,1.75,SA,1696187442
272,midvagur,62.0511,-7.1939,11.46,93,100,6.17,FO,1696187443
273,peniche,39.3558,-9.3811,23.38,74,7,0.98,PT,1696187443
274,saint-pierre,-21.3393,55.4781,21.82,78,0,3.09,RE,1696187443
275,puerto carreno,6.189,-67.4859,34.58,50,100,4.23,CO,1696187203
276,sambava,-14.2667,50.1667,22.69,88,4,1.5,MG,1696187443
277,mahina,-17.5065,-149.489,26.87,74,40,2.57,PF,1696187443
278,bucerias,20.75,-105.3333,33.32,79,20,3.6,MX,1696187213
279,harper,4.375,-7.7169,25.14,88,51,4.59,LR,1696187444
280,tukrah,32.5341,20.5791,23.68,65,15,3.65,LY,1696187444
281,robertsport,6.7533,-11.3686,26.86,83,100,3.82,LR,1696187444
282,minas de marcona,-15.2119,-75.1103,19.5,63,14,5.71,PE,1696187444
283,treasure island,27.7692,-82.769,31.68,73,100,9.26,US,1696187444
284,bang saphan,11.2126,99.5117,25.82,85,100,3.22,TH,1696187444
285,hasaki,35.7333,140.8333,21.27,67,100,9.7,JP,1696187444
286,markala,13.7021,-6.0659,33.51,32,96,5.17,ML,1696187444
287,kasongo-lunda,-6.4667,16.8167,23.12,94,100,0.83,CD,1696187445
288,okhotsk,59.3833,143.3,6.18,82,100,1.61,RU,1696187445
289,yorkton,51.2167,-102.4677,15.26,69,100,3.76,CA,1696187206
290,ulaangom,49.9811,92.0667,7.56,81,100,2.66,MN,1696187204
291,cidreira,-30.1811,-50.2056,16.32,59,0,5.46,BR,1696187445
292,keflavik,64.0049,-22.5624,9.95,81,0,3.09,IS,1696187445
293,york,40.1254,-77.0,27.12,52,0,5.66,US,1696187292
294,bac lieu,9.285,105.7244,26.27,87,100,5.89,VN,1696187445
295,labuan bajo,-8.4964,119.8877,23.57,86,7,1.42,ID,1696187446
296,dadukou,26.5479,101.7054,21.44,90,57,0.6,CN,1696187446
297,saint george's,12.0564,-61.7485,30.69,64,100,2.78,GD,1696187446
298,port lincoln,-34.7333,135.8667,12.12,81,0,3.46,AU,1696187446
299,masina,-4.3836,15.3914,33.19,46,20,0.0,CD,1696187446
300,ta`u,-14.2336,-169.5144,26.8,80,28,9.23,AS,1696187446
301,prades,42.5833,2.1667,16.84,49,11,1.01,FR,1696187446
302,cururupu,-1.8283,-44.8683,29.93,56,24,3.37,BR,1696187447
303,mount pearl,47.5166,-52.7813,18.58,61,11,4.02,CA,1696187447
304,lhasa,29.65,91.1,11.6,72,70,1.71,CN,1696187447
305,moose jaw,50.4001,-105.5344,10.69,88,100,3.71,CA,1696187246
306,sefaatli,39.5043,34.7563,14.96,73,100,1.73,TR,1696187447
307,fuerte olimpo,-21.0415,-57.8738,37.07,24,4,3.18,PY,1696187448
308,kili,5.6439,169.1211,28.05,77,44,2.44,MH,1696187449
309,brandfort,-28.7001,26.4597,11.67,17,0,3.74,ZA,1696187449
310,lihue,21.9789,-159.3672,27.58,77,40,5.66,US,1696187187
311,north platte,41.1239,-100.7654,29.94,41,0,9.83,US,1696187449
312,igarka,67.4667,86.5833,-4.51,69,9,2.15,RU,1696187449
313,east london,-33.0153,27.9116,16.54,63,96,4.58,ZA,1696187450
314,selfoss,63.9331,-20.9971,8.91,67,100,4.56,IS,1696187450
315,port saint john's,-31.6229,29.5448,17.37,63,100,2.88,ZA,1696187450
316,kinmparana,12.8402,-4.9199,31.92,39,90,2.77,ML,1696187450
317,hotan,37.0997,79.9269,17.82,28,0,0.14,CN,1696187450
318,guiuan,11.0333,125.7247,28.99,77,100,6.84,PH,1696187410
319,yanykurgan,43.915,67.2481,15.14,60,3,3.25,KZ,1696187451
320,page,36.9147,-111.4558,18.88,50,100,4.63,US,1696187451
321,nar'yan-mar,67.6713,53.087,10.62,96,100,3.58,RU,1696187451
322,turkmenbasy,40.0222,52.9552,20.92,31,0,3.95,TM,1696187451
323,ponta delgada,37.7333,-25.6667,21.4,73,40,6.17,PT,1696187451
324,new norfolk,-42.7826,147.0587,7.06,96,17,1.32,AU,1696187451
325,vallenar,-28.5708,-70.7581,19.22,24,0,4.65,CL,1696187192
326,kiama,-34.6833,150.8667,17.78,78,25,1.95,AU,1696187451
327,summerland,49.5998,-119.6691,14.49,67,17,2.57,CA,1696187452
328,ust-nera,64.5667,143.2,-2.1,62,25,3.13,RU,1696187452
329,dul'durga,50.6761,113.5931,6.52,64,100,0.88,RU,1696187452
330,villa gesell,-37.2639,-56.973,11.7,74,5,4.18,AR,1696187452
331,laguna,38.421,-121.4238,23.16,61,0,2.06,US,1696187452
332,jonquiere,48.4165,-71.2488,20.21,56,2,3.54,CA,1696187379
333,ibarreta,-25.2144,-59.8585,31.86,20,0,2.78,AR,1696187452
334,bodaybo,57.8506,114.1933,4.16,97,100,2.24,RU,1696187453
335,gaspra,44.4333,34.1,19.66,56,65,2.36,UA,1696187453
336,itoman,26.1247,127.6694,27.43,89,20,4.63,JP,1696187453
337,nieuw amsterdam,5.8833,-55.0833,35.57,66,100,4.96,SR,1696187453
338,camayenne,9.535,-13.6878,28.05,83,75,1.03,GN,1696187453
339,alibag,18.6411,72.8792,27.04,85,100,3.25,IN,1696187453
340,oodweyne,9.4092,45.064,27.89,40,21,4.28,SO,1696187453
341,usinsk,65.9939,57.5281,11.71,91,100,8.49,RU,1696187454
342,san pedro,14.35,121.0167,28.57,93,75,3.09,PH,1696187454
343,las khorey,11.1595,48.1967,30.05,52,4,4.04,SO,1696187454
344,taunggyi,20.7833,97.0333,17.36,97,99,1.54,MM,1696187320
345,anzio,41.4853,12.6179,23.51,81,0,2.24,IT,1696187454
346,inirida,3.8653,-67.9239,34.25,51,100,0.92,CO,1696187454
347,qamdo,31.1667,97.2333,5.11,66,89,0.63,CN,1696187454
348,qiongshan,20.0058,110.3542,25.79,89,5,1.16,CN,1696187455
349,manaure,11.7751,-72.4445,30.87,71,96,7.32,CO,1696187455
350,ghanzi,-21.5667,21.7833,26.26,10,0,3.81,BW,1696187455
351,wuchang,44.9143,127.15,7.19,74,69,2.71,CN,1696187455
352,waingapu,-9.6567,120.2641,24.13,85,26,1.86,ID,1696187455
353,bei'an,24.5399,109.533,24.29,90,8,1.85,CN,1696187455
354,pangody,65.85,74.4859,3.05,100,100,3.55,RU,1696188003
355,jashpurnagar,22.9,84.15,21.73,96,100,1.73,IN,1696187455
356,murun-kuren,49.6342,100.1625,4.91,85,100,2.25,MN,1696187456
357,novo aripuana,-5.1206,-60.3797,43.19,15,57,1.33,BR,1696187456
358,nacala,-14.5428,40.6728,23.83,84,0,3.77,MZ,1696187456
359,newman,37.3138,-121.0208,21.24,60,38,2.23,US,1696187456
360,tindouf,27.6711,-8.1474,33.25,12,100,4.12,DZ,1696188004
361,pathein,16.7833,94.7333,24.01,98,100,1.26,MM,1696187296
362,les avirons,-21.2418,55.3394,21.03,78,0,3.09,RE,1696187456
363,chiang klang,19.2938,100.8617,23.23,99,92,0.49,TH,1696187456
364,pico truncado,-46.7949,-67.9573,14.46,21,100,5.96,AR,1696187457
365,kalmunai,7.4167,81.8167,25.48,86,100,6.4,LK,1696187457
366,greenville,35.6127,-77.3663,27.09,61,75,6.17,US,1696187407
367,adelaide,-34.9333,138.6,14.62,66,0,2.57,AU,1696187204
368,east glenville,42.8945,-73.9279,27.12,64,20,4.63,US,1696187457
369,tazovsky,67.4667,78.7,0.24,88,100,5.74,RU,1696187457
370,ouani,-12.1322,44.4258,25.43,76,100,1.69,KM,1696187457
371,oranjemund,-28.55,16.4333,16.33,69,0,2.65,NA,1696188006
372,wagar,16.1525,36.2032,35.17,17,0,0.53,SD,1696187458
373,general levalle,-34.0147,-63.9241,28.68,17,0,7.35,AR,1696187458
374,sitka,57.0531,-135.33,12.94,76,100,2.57,US,1696187458
375,loango,-4.6719,11.8312,24.36,85,64,3.05,CG,1696187458
376,east ballina,-28.8667,153.5833,13.78,83,0,4.97,AU,1696187458
377,bayji,34.9311,43.487,27.5,38,100,3.1,IQ,1696187458
378,taltal,-25.4,-70.4833,17.86,69,25,2.8,CL,1696188007
379,zhangjiajie,29.1294,110.4783,19.63,94,100,1.19,CN,1696187458
380,ujae,8.9322,165.7642,28.81,76,87,4.78,MH,1696187459
381,yatou,37.15,122.3833,15.18,67,19,1.32,CN,1696187459
382,saint-philippe,-21.3585,55.7679,21.77,74,2,2.93,RE,1696187459
383,santanyi,39.3546,3.1291,25.66,71,0,0.63,ES,1696187459
384,ballina,-28.8667,153.5667,13.77,84,0,4.36,AU,1696187459
385,ancud,-41.8697,-73.8203,7.96,93,100,2.78,CL,1696187459
386,boonville,38.9736,-92.7432,33.44,41,0,4.12,US,1696187459
387,kumamoto,32.7897,130.7417,14.79,68,1,1.98,JP,1696187459
388,shabqadar,34.2139,71.5552,22.12,33,0,1.46,PK,1696187459
389,svetlyy,54.675,20.1347,14.98,85,12,4.51,RU,1696187460
390,flagstaff,35.1981,-111.6513,15.89,70,75,6.17,US,1696187176
391,el nido,11.1858,119.3956,27.26,85,47,5.78,PH,1696187460
392,severo-yeniseyskiy,60.3725,93.0408,-3.01,87,100,3.58,RU,1696187460
393,wainwright,52.839,-110.8572,12.16,47,25,1.21,CA,1696188009
394,jamaame,0.0697,42.745,25.06,77,9,5.53,SO,1696187460
395,belmonte,-15.8631,-38.8828,25.13,68,8,3.77,BR,1696188009
396,contai,21.7786,87.7536,27.54,87,93,5.0,IN,1696187460
397,enewetak,11.3474,162.3373,29.22,75,64,6.42,MH,1696187461
398,nakamura,32.9833,132.9333,14.25,84,47,2.01,JP,1696187461
399,durban,-29.8579,31.0292,17.92,64,100,3.65,ZA,1696187371
400,hafar al-batin,28.4328,45.9708,31.32,18,0,0.0,SA,1696187461
401,margate,51.3813,1.3862,18.83,79,100,0.89,GB,1696187461
402,virginia,37.5481,-77.4467,27.96,53,75,4.63,US,1696187461
403,papao,-17.75,-149.55,26.82,84,11,9.47,PF,1696187462
404,ad dilam,23.9915,47.1627,31.23,17,0,2.21,SA,1696187462
405,mount isa,-20.7333,139.5,14.87,51,0,2.06,AU,1696187462
406,zyryanskoye,56.8306,86.6258,0.35,72,100,2.81,RU,1696187462
407,mantua,45.1667,10.7833,21.58,77,0,3.17,IT,1696188010
408,ouadda,8.0777,22.4007,22.74,89,100,1.35,CF,1696187462
409,crane,31.3974,-102.3501,30.52,40,1,8.98,US,1696187462
410,buenavista,8.9769,125.4089,24.91,93,100,1.53,PH,1696187463
411,port blair,11.6667,92.75,26.59,86,78,5.66,IN,1696187397
412,melfort,52.8667,-104.6177,7.07,87,100,6.17,CA,1696188011
413,eyl,7.9803,49.8164,26.8,78,10,8.96,SO,1696187463
414,rio rico,31.4715,-110.9765,30.59,32,0,9.77,US,1696187463
415,mirny,62.5353,113.9611,3.79,92,100,5.64,RU,1696188011
416,yelovo,57.0538,54.9207,13.52,62,36,5.79,RU,1696187463
417,gumla,23.05,84.55,22.81,96,100,2.02,IN,1696187186
418,ojinaga,29.5667,-104.4167,34.21,37,0,4.63,MX,1696187366
419,ola,59.5833,151.2833,3.01,87,100,1.51,RU,1696187464
420,banda aceh,5.5577,95.3222,26.21,84,15,4.7,ID,1696187464
421,porto novo,6.4965,2.6036,26.14,83,74,3.94,BJ,1696187379
422,pacific grove,36.6177,-121.9166,20.68,80,75,2.57,US,1696187220
423,lensk,60.7253,114.9278,3.18,96,100,6.71,RU,1696187464
424,qui nhon,13.7667,109.2333,26.02,88,100,2.94,VN,1696187464
425,nuuk,64.1835,-51.7216,3.34,75,20,1.54,GL,1696187311
426,benguela,-12.5763,13.4055,22.49,82,51,1.65,AO,1696187465
427,ikwiriri,-7.9562,38.9716,22.25,89,0,2.49,TZ,1696187465
428,safaga,26.7292,33.9365,30.66,44,33,9.31,EG,1696187465
429,punta arenas,-53.15,-70.9167,6.06,49,40,13.38,CL,1696187191
430,zeya,53.75,127.2667,4.94,87,75,1.79,RU,1696187465
431,tsiombe,-25.3,45.4833,21.93,81,0,0.94,MG,1696187240
432,broken hill,-31.95,141.4333,18.37,40,72,6.73,AU,1696187465
433,nokha,27.6,73.4167,29.78,21,0,3.65,IN,1696187465
434,anapa,44.8908,37.3239,18.24,82,20,3.0,RU,1696187445
435,kurumkan,54.3,110.3,7.85,88,100,3.13,RU,1696187466
436,iwaki,37.05,140.8833,18.9,77,54,4.04,JP,1696187466
437,fale old settlement,-9.3852,-171.2468,27.99,74,14,2.36,TK,1696187466
438,monrovia,6.3005,-10.7969,26.87,84,99,2.76,LR,1696187466
439,badagry,6.4167,2.8833,26.23,85,94,4.93,NG,1696187466
440,kyshtovka,56.555,76.6271,2.97,69,19,2.68,RU,1696187466
441,sumbawa besar,-8.5,117.4333,21.36,80,94,1.92,ID,1696187466
442,beloyarskiy,63.7119,66.6722,9.44,88,64,4.02,RU,1696188014
443,konstantinovka,49.6167,127.9833,5.75,92,62,2.71,RU,1696188014
444,piti village,13.4626,144.6933,27.49,90,0,1.54,GU,1696187467
445,bamboo flat,11.7,92.7167,26.58,86,82,5.62,IN,1696187467
446,manay,7.215,126.5397,26.58,84,100,4.2,PH,1696188014
447,hammerfest,70.6634,23.6821,3.25,65,75,3.09,NO,1696187467
448,arar,30.9753,41.0381,28.01,18,0,3.6,SA,1696187467
449,sao felix do xingu,-6.6447,-51.995,40.36,16,17,2.06,BR,1696187468
450,vilyuchinsk,52.9306,158.4028,4.15,82,100,0.59,RU,1696187468
451,shakawe,-18.3667,21.85,26.82,16,1,2.47,BW,1696187468
452,amuntai,-2.4177,115.2494,23.46,68,51,0.37,ID,1696187468
453,khasab,26.1799,56.2477,30.71,56,0,3.7,OM,1696187468
454,cadale,2.7603,46.3222,26.05,84,0,6.66,SO,1696187468
455,natchez,31.5604,-91.4032,33.47,29,0,4.63,US,1696187405
456,antonio enes,-16.2325,39.9086,25.3,80,5,6.05,MZ,1696187468
457,kuanda,56.3161,116.0806,5.86,70,100,1.9,RU,1696187469
458,aurillac,44.9167,2.45,21.05,74,0,2.57,FR,1696187469
459,sarupathar,26.1984,93.8094,25.1,96,100,1.09,IN,1696187239
460,puerto baquerizo moreno,-0.9,-89.6,27.55,65,75,7.2,EC,1696187469
461,belyy yar,53.6039,91.3903,3.94,81,40,0.0,RU,1696187469
462,lerwick,60.1545,-1.1494,12.0,90,0,5.49,GB,1696187469
463,el sauzal de rodriguez,31.9,-116.6833,15.79,83,99,4.63,MX,1696187469
464,kerema,-7.9631,145.7785,25.05,92,100,1.63,PG,1696187469
465,tofol,5.3248,163.0078,28.41,75,18,3.16,FM,1696187470
466,starotitarovskaya,45.2136,37.1439,18.31,57,52,6.81,RU,1696187470
467,urangan,-25.3,152.9,20.53,67,14,1.75,AU,1696187470
468,pong,19.1493,100.2752,23.09,99,95,1.02,TH,1696187235
469,revelstoke,50.9832,-118.2023,15.6,53,97,0.75,CA,1696187410
470,chernyshevskiy,63.0128,112.4714,-0.21,96,100,5.76,RU,1696187470
471,lompoc,34.6391,-120.4579,22.23,68,0,3.6,US,1696187471
472,el dorado,38.7666,-120.5177,15.35,83,100,0.89,US,1696187390
473,santa ana,33.7456,-117.8678,21.11,69,75,4.12,US,1696187171
474,benghazi,32.1167,20.0667,24.39,63,0,5.45,LY,1696187471
475,narok,-1.0783,35.8601,19.5,62,96,3.68,KE,1696187472
476,cooper's town,26.8667,-77.5167,27.48,80,100,7.22,BS,1696188017
477,nova vicosa,-17.8919,-39.3719,25.28,67,13,6.62,BR,1696187472
478,dashiqiao,40.6373,122.5025,13.18,53,0,3.23,CN,1696187472
479,san nicolas de los arroyos,-33.3358,-60.2252,25.56,20,5,1.75,AR,1696187472
480,lampang,18.3333,99.5,26.26,83,100,0.45,TH,1696187472
481,olinda,-8.0089,-34.8553,27.85,61,20,5.66,BR,1696187214
482,dryden,49.7833,-92.7503,18.16,94,100,6.17,CA,1696187473
483,westport,41.1415,-73.3579,26.37,64,0,3.6,US,1696187473
484,al kut,32.5147,45.819,30.71,23,7,5.1,IQ,1696187473
485,frenchville,-23.3442,150.5507,16.52,88,0,2.06,AU,1696187473
486,ankang,32.68,109.0172,15.77,95,100,1.69,CN,1696187474
487,yarmouth,41.7057,-70.2286,20.08,81,100,8.49,US,1696187474
488,da nang,16.0678,108.2208,25.99,94,20,0.51,VN,1696188018
489,olyokminsk,60.3736,120.4264,4.44,92,95,1.34,RU,1696187474
490,sadovoye,47.7764,44.5089,16.55,41,95,3.47,RU,1696187474
491,montepuez,-13.1256,38.9997,23.75,55,0,4.13,MZ,1696187297
492,cockburn town,21.4612,-71.1419,30.98,62,40,5.14,TC,1696187303
493,ust'-kut,56.7938,105.7672,-4.2,92,61,2.68,RU,1696187474
494,mhamid,29.82,-5.72,30.73,16,89,4.8,MA,1696187475
495,kasongo,-4.45,26.6667,24.16,72,75,1.44,CD,1696187475
496,salto,-31.3833,-57.9667,21.6,40,0,3.13,UY,1696187258
497,aboisso,5.4678,-3.2071,24.53,91,41,2.13,CI,1696187475
498,moyynkum,44.2914,72.9469,18.94,29,100,2.54,KZ,1696187475
499,muncar,-8.4333,114.3333,21.75,89,86,1.31,ID,1696187475
500,deori,21.45,82.6167,24.74,93,100,2.25,IN,1696187475
501,tananger,58.9333,5.6,14.6,94,100,5.14,NO,1696187476
502,arkhangel'sk,64.5401,40.5433,9.51,95,80,1.47,RU,1696187476
503,vuktyl,63.8567,57.3094,11.73,87,100,6.26,RU,1696187476
504,arkhara,49.4212,130.0842,7.65,92,100,3.13,RU,1696187476
505,nungwi,-5.7265,39.2987,25.4,78,1,5.48,TZ,1696187476
506,oarai,36.3167,140.6,21.3,76,100,6.18,JP,1696187476
507,kerben,40.2951,72.1863,13.28,37,71,1.15,KG,1696187476
508,ushibukamachi,32.1906,130.0228,20.55,64,9,6.02,JP,1696187477
509,ust'-ilimsk,58.0006,102.6619,-1.42,83,100,4.02,RU,1696187477
510,cuito,-12.3833,16.9333,18.57,65,90,2.93,AO,1696187477
511,kirakira,-10.4544,161.9205,25.78,87,95,4.55,SB,1696187477
512,ciudad bolivar,8.1222,-63.5497,36.12,40,100,1.46,VE,1696187370
513,vytegra,61.0064,36.4481,11.31,90,100,8.05,RU,1696187477
514,gornopravdinsk,60.05,69.9,7.42,90,84,4.08,RU,1696187477
515,souillac,-20.5167,57.5167,23.21,83,75,3.09,MU,1696187477
516,duba,27.3513,35.6901,32.07,44,20,1.72,SA,1696187478
517,lethbridge,49.7,-112.8186,7.06,87,100,2.06,CA,1696187353
518,carnarvon,-24.8667,113.6333,19.69,62,100,7.87,AU,1696187478
519,castillos,-34.1667,-53.8333,15.85,58,11,5.58,UY,1696187478
520,male,4.1748,73.5089,25.97,100,100,4.63,MV,1696187478
521,zakynthos,37.7914,20.8953,21.47,83,20,0.0,GR,1696187478
522,siocon,7.7061,122.1353,25.95,89,100,2.53,PH,1696187478
523,ventspils,57.3894,21.5606,14.96,77,40,4.63,LV,1696187479
524,stanthorpe,-28.6667,151.95,13.57,83,4,2.01,AU,1696187479
525,adigrat,14.277,39.462,15.89,71,8,2.09,ET,1696187479
526,yung shue wan,22.2333,114.1167,29.26,79,86,9.88,HK,1696187479
527,dawesville,30.9224,-84.0091,28.42,54,0,5.66,US,1696187479
528,conde,-7.2597,-34.9075,27.7,61,20,6.17,BR,1696187479
529,taoudenni,22.6783,-3.9836,35.97,10,82,2.42,ML,1696187479
530,port sudan,19.6175,37.2164,31.58,53,1,1.57,SD,1696187479
531,mermoz boabab,14.7065,-17.4758,28.88,84,40,2.06,SN,1696187480
532,beerwah,-26.85,152.9667,14.97,95,0,1.6,AU,1696187480
533,gorontalo,0.5412,123.0595,22.17,87,98,1.42,ID,1696188023
534,aldan,58.6031,125.3894,0.11,79,12,1.34,RU,1696187480
535,saldanha,-33.0117,17.9442,14.85,74,0,5.39,ZA,1696187480
536,kalabo,-14.97,22.6814,27.04,30,23,2.58,ZM,1696187480
537,kerikeri,-35.2268,173.9474,11.13,92,18,2.89,NZ,1696187481
538,ghadamis,30.1337,9.5007,27.37,27,0,7.17,LY,1696187481
539,el porvenir,13.7617,-87.3458,31.63,54,62,0.47,HN,1696187481
540,linxi,39.7,118.4333,14.53,42,39,1.08,CN,1696187481
541,trinidad,-14.8333,-64.9,34.8,38,98,0.89,BO,1696187481
542,salinopolis,-0.6136,-47.3561,28.51,74,100,8.01,BR,1696187481
543,kasungu,-13.0333,33.4833,23.96,37,0,2.74,MW,1696187482
544,mersa matruh,31.3525,27.2453,24.53,61,100,5.9,EG,1696187482
545,jiwani,25.05,61.7417,27.66,76,0,1.4,PK,1696187482
546,imbituba,-28.24,-48.6703,22.14,71,54,7.22,BR,1696187482
547,cazin,44.9669,15.9431,13.62,76,4,1.33,BA,1696187482
548,toktogul,41.8708,72.9402,15.56,41,56,0.45,KG,1696187482
549,urzhar,47.093,81.6294,12.61,56,69,3.12,KZ,1696187482
550,karkira,36.9292,6.5856,22.01,83,0,1.06,DZ,1696187483
551,altai,46.3722,96.2583,3.18,76,92,1.93,MN,1696187405
552,coquimbo,-29.9533,-71.3436,15.12,73,81,3.19,CL,1696187483
553,bratsk,56.1325,101.6142,-0.66,75,100,3.88,RU,1696188024
554,chichihualco,17.6833,-99.65,25.28,74,40,1.02,MX,1696187483
555,the pas,53.8251,-101.2541,8.01,87,100,4.12,CA,1696187483
556,gebeit,21.0667,36.3167,30.74,31,5,0.32,SD,1696187483
557,nguigmi,14.2495,13.1092,32.0,33,89,2.87,NE,1696187484
558,novyy urgal,51.0736,132.5642,6.11,89,100,1.06,RU,1696188025
559,nandigama,16.7833,80.3,25.8,89,100,1.38,IN,1696187484
560,runing,33.0011,114.3542,16.17,94,100,4.15,CN,1696187484
561,formosa do rio preto,-11.0483,-45.1931,38.55,15,6,3.33,BR,1696187484
562,labytnangi,66.6572,66.4183,7.81,98,100,2.88,RU,1696187484
563,nasrullahganj,22.6833,77.2667,24.4,75,19,2.67,IN,1696187484
564,xinyuan,37.3,99.0,6.61,39,100,1.19,CN,1696187484
565,upington,-28.4478,21.2561,21.21,18,0,1.03,ZA,1696187484
566,otjimbingwe,-22.35,16.1333,26.89,11,0,2.89,NA,1696187485
567,altamira,-3.2033,-52.2064,39.62,21,97,1.74,BR,1696187485
568,bambanglipuro,-7.95,110.2833,22.65,91,45,0.85,ID,1696187485
569,seybaplaya,19.65,-90.6667,31.7,65,88,4.32,MX,1696187485
570,luwuk,-0.9516,122.7875,23.45,71,98,2.19,ID,1696187485
571,raipur,21.2333,81.6333,24.9,83,100,3.05,IN,1696187485
572,gizo,-8.103,156.8419,26.92,84,64,7.58,SB,1696187485
573,padang,-0.9492,100.3543,26.03,91,87,1.4,ID,1696187486
574,lamar,33.6668,-95.5836,33.88,35,20,4.12,US,1696187486
575,kaiyuan,23.6977,103.3037,17.95,96,44,1.96,CN,1696188028
576,makushino,55.2103,67.2442,8.93,85,0,3.18,RU,1696187486
577,mariakani,-3.8633,39.4736,25.05,84,1,3.11,KE,1696187486
578,mariehamn,60.0973,19.9348,13.79,100,20,0.51,AX,1696187486
579,cottage grove,44.8277,-92.9438,32.84,42,0,5.66,US,1696187486
580,nantucket,41.2835,-70.0995,21.03,83,100,10.8,US,1696187343
